{"loss": [3.4637722969055176], "accuracy": [0.10778061300516129]}